{
  "run_id": "full_v3_2_2_20251010_103939",
  "version": "v3.2.2",
  "timestamp": "2025-10-12T02:24:14.370334",
  "total_episodes": 172,
  "processed_before_run": 5,
  "processed_this_run": 151,
  "remaining": 0,
  "failed": [
    13,
    24,
    32,
    34,
    51,
    59,
    71,
    83,
    103,
    109,
    112,
    121,
    133,
    155,
    164,
    170
  ],
  "elapsed_hours": 39.74308488561047
}