{
  "timestamp": "2025-10-10",
  "test_episodes": [
    10,
    39,
    50,
    75,
    100,
    112,
    120,
    122,
    150,
    165
  ],
  "summary": {
    "single": {
      "pairs": 883,
      "rels": 905
    },
    "gpt4o_dual": {
      "pairs": 691,
      "coverage": 0.782559456398641,
      "conflicts": 6
    },
    "gpt5_mini": {
      "pairs": 1962,
      "coverage": 2.2219705549263873,
      "conflicts": 77
    },
    "gpt5_nano": {
      "pairs": 880,
      "coverage": 0.9966024915062288,
      "conflicts": 14
    },
    "two_pass": {
      "pairs": 3069,
      "coverage": 3.475651189127973,
      "conflicts": 139
    }
  },
  "detailed_results": [
    {
      "episode": 10,
      "single": {
        "rels": 64,
        "pairs": 63
      },
      "gpt4o_dual": {
        "rels": 45,
        "pairs": 44,
        "coverage": 0.12698412698412698,
        "conflicts": 0
      },
      "gpt5_mini": {
        "rels": 136,
        "pairs": 136,
        "coverage": 0.1111111111111111,
        "conflicts": 3
      },
      "gpt5_nano": {
        "rels": 69,
        "pairs": 67,
        "coverage": 0.23809523809523808,
        "conflicts": 1
      },
      "two_pass": {
        "rels": 233,
        "pairs": 229,
        "coverage": 0.30158730158730157,
        "conflicts": 5
      }
    },
    {
      "episode": 39,
      "single": {
        "rels": 94,
        "pairs": 91
      },
      "gpt4o_dual": {
        "rels": 73,
        "pairs": 69,
        "coverage": 0.0989010989010989,
        "conflicts": 0
      },
      "gpt5_mini": {
        "rels": 195,
        "pairs": 192,
        "coverage": 0.054945054945054944,
        "conflicts": 13
      },
      "gpt5_nano": {
        "rels": 109,
        "pairs": 104,
        "coverage": 0.14285714285714285,
        "conflicts": 5
      },
      "two_pass": {
        "rels": 313,
        "pairs": 307,
        "coverage": 0.17582417582417584,
        "conflicts": 27
      }
    },
    {
      "episode": 50,
      "single": {
        "rels": 85,
        "pairs": 83
      },
      "gpt4o_dual": {
        "rels": 71,
        "pairs": 71,
        "coverage": 0.0963855421686747,
        "conflicts": 0
      },
      "gpt5_mini": {
        "rels": 192,
        "pairs": 190,
        "coverage": 0.060240963855421686,
        "conflicts": 6
      },
      "gpt5_nano": {
        "rels": 100,
        "pairs": 95,
        "coverage": 0.08433734939759036,
        "conflicts": 1
      },
      "two_pass": {
        "rels": 284,
        "pairs": 276,
        "coverage": 0.12048192771084337,
        "conflicts": 20
      }
    },
    {
      "episode": 75,
      "single": {
        "rels": 76,
        "pairs": 76
      },
      "gpt4o_dual": {
        "rels": 65,
        "pairs": 65,
        "coverage": 0.05263157894736842,
        "conflicts": 0
      },
      "gpt5_mini": {
        "rels": 165,
        "pairs": 160,
        "coverage": 0.07894736842105263,
        "conflicts": 1
      },
      "gpt5_nano": {
        "rels": 60,
        "pairs": 53,
        "coverage": 0.0,
        "conflicts": 0
      },
      "two_pass": {
        "rels": 285,
        "pairs": 277,
        "coverage": 0.13157894736842105,
        "conflicts": 16
      }
    },
    {
      "episode": 100,
      "single": {
        "rels": 115,
        "pairs": 112
      },
      "gpt4o_dual": {
        "rels": 97,
        "pairs": 91,
        "coverage": 0.08928571428571429,
        "conflicts": 3
      },
      "gpt5_mini": {
        "rels": 265,
        "pairs": 262,
        "coverage": 0.0625,
        "conflicts": 15
      },
      "gpt5_nano": {
        "rels": 100,
        "pairs": 97,
        "coverage": 0.08035714285714286,
        "conflicts": 2
      },
      "two_pass": {
        "rels": 390,
        "pairs": 377,
        "coverage": 0.11607142857142858,
        "conflicts": 18
      }
    },
    {
      "episode": 112,
      "single": {
        "rels": 109,
        "pairs": 109
      },
      "gpt4o_dual": {
        "rels": 85,
        "pairs": 85,
        "coverage": 0.14678899082568808,
        "conflicts": 1
      },
      "gpt5_mini": {
        "rels": 215,
        "pairs": 214,
        "coverage": 0.06422018348623854,
        "conflicts": 5
      },
      "gpt5_nano": {
        "rels": 91,
        "pairs": 78,
        "coverage": 0.07339449541284404,
        "conflicts": 0
      },
      "two_pass": {
        "rels": 344,
        "pairs": 337,
        "coverage": 0.13761467889908258,
        "conflicts": 25
      }
    },
    {
      "episode": 120,
      "single": {
        "rels": 72,
        "pairs": 67
      },
      "gpt4o_dual": {
        "rels": 60,
        "pairs": 58,
        "coverage": 0.14925373134328357,
        "conflicts": 0
      },
      "gpt5_mini": {
        "rels": 174,
        "pairs": 172,
        "coverage": 0.11940298507462686,
        "conflicts": 4
      },
      "gpt5_nano": {
        "rels": 94,
        "pairs": 89,
        "coverage": 0.208955223880597,
        "conflicts": 0
      },
      "two_pass": {
        "rels": 279,
        "pairs": 272,
        "coverage": 0.2537313432835821,
        "conflicts": 3
      }
    },
    {
      "episode": 122,
      "single": {
        "rels": 110,
        "pairs": 105
      },
      "gpt4o_dual": {
        "rels": 81,
        "pairs": 77,
        "coverage": 0.06666666666666667,
        "conflicts": 2
      },
      "gpt5_mini": {
        "rels": 261,
        "pairs": 260,
        "coverage": 0.08571428571428572,
        "conflicts": 3
      },
      "gpt5_nano": {
        "rels": 141,
        "pairs": 129,
        "coverage": 0.13333333333333333,
        "conflicts": 0
      },
      "two_pass": {
        "rels": 398,
        "pairs": 382,
        "coverage": 0.2571428571428571,
        "conflicts": 3
      }
    },
    {
      "episode": 150,
      "single": {
        "rels": 94,
        "pairs": 93
      },
      "gpt4o_dual": {
        "rels": 73,
        "pairs": 72,
        "coverage": 0.08602150537634409,
        "conflicts": 0
      },
      "gpt5_mini": {
        "rels": 220,
        "pairs": 220,
        "coverage": 0.021505376344086023,
        "conflicts": 15
      },
      "gpt5_nano": {
        "rels": 92,
        "pairs": 87,
        "coverage": 0.08602150537634409,
        "conflicts": 2
      },
      "two_pass": {
        "rels": 309,
        "pairs": 295,
        "coverage": 0.07526881720430108,
        "conflicts": 7
      }
    },
    {
      "episode": 165,
      "single": {
        "rels": 86,
        "pairs": 84
      },
      "gpt4o_dual": {
        "rels": 61,
        "pairs": 59,
        "coverage": 0.11904761904761904,
        "conflicts": 0
      },
      "gpt5_mini": {
        "rels": 156,
        "pairs": 156,
        "coverage": 0.05952380952380952,
        "conflicts": 12
      },
      "gpt5_nano": {
        "rels": 86,
        "pairs": 81,
        "coverage": 0.08333333333333333,
        "conflicts": 3
      },
      "two_pass": {
        "rels": 330,
        "pairs": 317,
        "coverage": 0.16666666666666666,
        "conflicts": 15
      }
    }
  ]
}